,celltype
0,ExcitatoryL4
1,ExcitatoryL2and3
2,ExcitatoryL6
3,ExcitatoryL4
4,ExcitatoryL4
5,ExcitatoryL2and3
6,ExcitatoryL6
7,ExcitatoryL6
8,ExcitatoryL5
9,ExcitatoryL6
10,Olig
11,Endo
12,ExcitatoryL2and3
13,ExcitatoryL5
14,ExcitatoryL6
15,Micro
16,ExcitatoryL4
17,ExcitatoryL2and3
18,ExcitatoryL2and3
19,ExcitatoryL2and3
20,ExcitatoryL2and3
21,ExcitatoryL6
22,Endo
23,Olig
24,Endo
25,Astro
26,ExcitatoryL6
27,ExcitatoryL4
28,ExcitatoryL4
29,ExcitatoryL6
30,ExcitatoryL4
31,Astro
32,ExcitatoryL2and3
33,Endo
34,ExcitatoryL2and3
35,ExcitatoryL5
36,ExcitatoryL2and3
37,Other
38,Endo
39,ExcitatoryL4
40,Astro
41,ExcitatoryL5
42,ExcitatoryL5
43,Olig
44,ExcitatoryL6
45,ExcitatoryL5
46,ExcitatoryL5
47,Olig
48,Olig
49,ExcitatoryL2and3
50,Endo
51,ExcitatoryL6
52,ExcitatoryL4
53,Micro
54,ExcitatoryL2and3
55,Endo
56,ExcitatoryL2and3
57,ExcitatoryL6
58,Endo
59,ExcitatoryL2and3
60,Astro
61,Olig
62,ExcitatoryL6
63,ExcitatoryL4
64,Olig
65,ExcitatoryL4
66,ExcitatoryL6
67,Endo
68,ExcitatoryL5
69,ExcitatoryL4
70,ExcitatoryL2and3
71,ExcitatoryL6
72,Endo
73,ExcitatoryL2and3
74,Micro
75,Olig
76,Olig
77,ExcitatoryL5
78,Olig
79,HPC
80,ExcitatoryL2and3
81,Olig
82,Vip
83,ExcitatoryL6
84,Olig
85,ExcitatoryL4
86,ExcitatoryL4
87,ExcitatoryL6
88,ExcitatoryL4
89,ExcitatoryL6
90,Endo
91,ExcitatoryL6
92,ExcitatoryL4
93,ExcitatoryL6
94,ExcitatoryL6
95,ExcitatoryL2and3
96,Astro
97,ExcitatoryL2and3
98,ExcitatoryL4
99,ExcitatoryL4
100,Olig
101,ExcitatoryL6
102,ExcitatoryL4
103,HPC
104,Endo
105,ExcitatoryL6
106,Pvalb
107,ExcitatoryL2and3
108,Olig
109,ExcitatoryL4
110,ExcitatoryL4
111,Vip
112,ExcitatoryL6
113,ExcitatoryL6
114,Olig
115,Sst
116,Sst
117,ExcitatoryL5
118,ExcitatoryL4
119,ExcitatoryL4
120,ExcitatoryL5
121,ExcitatoryL4
122,Astro
123,Sst
124,Olig
125,ExcitatoryL6
126,Astro
127,Endo
128,ExcitatoryL6
129,Olig
130,ExcitatoryL6
131,ExcitatoryL6
132,ExcitatoryL4
133,Olig
134,ExcitatoryL5
135,ExcitatoryL6
136,Sst
137,ExcitatoryL4
138,ExcitatoryL2and3
139,Olig
140,Endo
141,ExcitatoryL2and3
142,Olig
143,Astro
144,ExcitatoryL6
145,ExcitatoryL2and3
146,ExcitatoryL2and3
147,ExcitatoryL6
148,ExcitatoryL2and3
149,ExcitatoryL5
150,Endo
151,Olig
152,ExcitatoryL6
153,Olig
154,ExcitatoryL5
155,Olig
156,Other
157,Endo
158,Endo
159,Sst
160,ExcitatoryL6
161,Other
162,Sst
163,ExcitatoryL2and3
164,Endo
165,ExcitatoryL2and3
166,Endo
167,Endo
168,Endo
169,ExcitatoryL5
170,Other
171,Olig
172,ExcitatoryL6
173,Astro
174,ExcitatoryL6
175,ExcitatoryL4
176,ExcitatoryL2and3
177,ExcitatoryL4
178,Other
179,Endo
180,ExcitatoryL6
181,Endo
182,Endo
183,ExcitatoryL4
184,ExcitatoryL6
185,ExcitatoryL4
186,Sst
187,Sst
188,Astro
189,Astro
190,ExcitatoryL6
191,ExcitatoryL6
192,Astro
193,Endo
194,Olig
195,ExcitatoryL6
196,ExcitatoryL5
197,Pvalb
198,Endo
199,Endo
200,Other
201,ExcitatoryL2and3
202,ExcitatoryL6
203,Endo
204,Astro
205,Endo
206,ExcitatoryL2and3
207,Endo
208,ExcitatoryL2and3
209,ExcitatoryL6
210,Endo
211,ExcitatoryL4
212,ExcitatoryL6
213,ExcitatoryL2and3
214,ExcitatoryL2and3
215,ExcitatoryL6
216,Endo
217,ExcitatoryL5
218,ExcitatoryL6
219,ExcitatoryL4
220,Astro
221,ExcitatoryL6
222,Endo
223,Endo
224,ExcitatoryL6
225,Astro
226,ExcitatoryL5
227,Sst
228,Pvalb
229,ExcitatoryL2and3
230,Astro
231,Endo
232,Endo
233,ExcitatoryL2and3
234,Endo
235,ExcitatoryL2and3
236,Other
237,Endo
238,Endo
239,Endo
240,Endo
241,Astro
242,ExcitatoryL2and3
243,Olig
244,ExcitatoryL6
245,ExcitatoryL2and3
246,ExcitatoryL2and3
247,Astro
248,ExcitatoryL2and3
249,ExcitatoryL6
250,Endo
251,ExcitatoryL5
252,ExcitatoryL6
253,Endo
254,Olig
255,ExcitatoryL5
256,Olig
257,ExcitatoryL6
258,ExcitatoryL6
259,Astro
260,ExcitatoryL6
261,ExcitatoryL2and3
262,Endo
263,ExcitatoryL6
264,Olig
265,Endo
266,Olig
267,Vip
268,ExcitatoryL6
269,ExcitatoryL6
270,Other
271,Olig
272,ExcitatoryL6
273,Endo
274,Endo
275,Olig
276,Endo
277,ExcitatoryL2and3
278,Olig
279,Astro
280,ExcitatoryL2and3
281,ExcitatoryL5
282,Astro
283,Endo
284,Endo
285,Olig
286,Endo
287,Endo
288,Sst
289,ExcitatoryL2and3
290,Endo
291,Olig
292,ExcitatoryL4
293,Micro
294,Olig
295,ExcitatoryL6
296,ExcitatoryL2and3
297,Endo
298,Endo
299,ExcitatoryL2and3
300,ExcitatoryL6
301,Endo
302,Endo
303,Olig
304,ExcitatoryL6
305,Vip
306,Other
307,Astro
308,ExcitatoryL2and3
309,Olig
310,ExcitatoryL6
311,Endo
312,Other
313,Astro
314,ExcitatoryL2and3
315,ExcitatoryL4
316,ExcitatoryL6
317,ExcitatoryL6
318,ExcitatoryL6
319,Endo
320,ExcitatoryL2and3
321,Endo
322,Olig
323,Olig
324,Astro
325,ExcitatoryL6
326,Olig
327,ExcitatoryL6
328,ExcitatoryL4
329,Astro
330,Endo
331,Pvalb
332,ExcitatoryL6
333,Sst
334,Olig
335,Olig
336,ExcitatoryL6
337,Endo
338,Endo
339,ExcitatoryL4
340,ExcitatoryL2and3
341,Olig
342,Endo
343,ExcitatoryL4
344,ExcitatoryL6
345,ExcitatoryL6
346,ExcitatoryL4
347,ExcitatoryL2and3
348,ExcitatoryL4
349,ExcitatoryL6
350,ExcitatoryL6
351,ExcitatoryL6
352,Astro
353,Olig
354,Astro
355,ExcitatoryL2and3
356,ExcitatoryL5
357,Vip
358,ExcitatoryL5
359,ExcitatoryL2and3
360,Astro
361,Astro
362,Pvalb
363,ExcitatoryL4
364,Endo
365,Endo
366,ExcitatoryL4
367,ExcitatoryL5
368,Olig
369,Pvalb
370,Vip
371,ExcitatoryL5
372,ExcitatoryL2and3
373,Astro
374,ExcitatoryL6
375,Astro
376,ExcitatoryL4
377,ExcitatoryL2and3
378,ExcitatoryL5
379,ExcitatoryL4
380,ExcitatoryL6
381,ExcitatoryL2and3
382,ExcitatoryL4
383,Endo
384,Endo
385,ExcitatoryL2and3
386,ExcitatoryL5
387,HPC
388,Micro
389,ExcitatoryL2and3
390,Olig
391,ExcitatoryL6
392,Olig
393,ExcitatoryL6
394,Olig
395,ExcitatoryL6
396,Olig
397,Other
398,ExcitatoryL4
399,ExcitatoryL6
400,ExcitatoryL6
401,HPC
402,ExcitatoryL4
403,ExcitatoryL2and3
404,Olig
405,Endo
406,Pvalb
407,ExcitatoryL6
408,ExcitatoryL4
409,Other
410,ExcitatoryL6
411,Npy
412,ExcitatoryL6
413,Micro
414,ExcitatoryL5
415,ExcitatoryL5
416,ExcitatoryL6
417,ExcitatoryL2and3
418,ExcitatoryL2and3
419,ExcitatoryL2and3
420,Astro
421,Olig
422,ExcitatoryL2and3
423,ExcitatoryL6
424,Micro
425,Endo
426,Astro
427,Pvalb
428,Endo
429,Olig
430,Astro
431,ExcitatoryL6
432,ExcitatoryL6
433,Vip
434,Endo
435,ExcitatoryL4
436,Sst
437,ExcitatoryL6
438,ExcitatoryL4
439,Olig
440,ExcitatoryL6
441,Endo
442,ExcitatoryL2and3
443,Astro
444,Astro
445,Vip
446,Endo
447,Astro
448,ExcitatoryL4
449,Olig
450,Endo
451,Vip
452,Olig
453,ExcitatoryL2and3
454,Olig
455,Sst
456,Endo
457,ExcitatoryL6
458,ExcitatoryL2and3
459,Olig
460,Pvalb
461,ExcitatoryL2and3
462,ExcitatoryL6
463,ExcitatoryL6
464,Micro
465,ExcitatoryL2and3
466,Endo
467,ExcitatoryL4
468,Pvalb
469,ExcitatoryL6
470,HPC
471,Sst
472,ExcitatoryL6
473,ExcitatoryL6
474,Pvalb
475,ExcitatoryL2and3
476,ExcitatoryL2and3
477,ExcitatoryL4
478,Olig
479,ExcitatoryL6
480,Olig
481,ExcitatoryL2and3
482,Olig
483,ExcitatoryL4
484,ExcitatoryL2and3
485,Other
486,Olig
487,ExcitatoryL6
488,Astro
489,Endo
490,Npy
491,ExcitatoryL6
492,ExcitatoryL4
493,ExcitatoryL5
494,ExcitatoryL4
495,Olig
496,ExcitatoryL4
497,ExcitatoryL6
498,ExcitatoryL2and3
499,ExcitatoryL6
500,Olig
501,ExcitatoryL6
502,ExcitatoryL2and3
503,ExcitatoryL4
504,Endo
505,Astro
506,ExcitatoryL2and3
507,ExcitatoryL6
508,ExcitatoryL4
509,Astro
510,ExcitatoryL2and3
511,ExcitatoryL6
512,ExcitatoryL6
513,ExcitatoryL4
514,Endo
515,Astro
516,ExcitatoryL4
517,ExcitatoryL4
518,ExcitatoryL4
519,ExcitatoryL2and3
520,Micro
521,ExcitatoryL6
522,Astro
523,ExcitatoryL2and3
524,Astro
525,Olig
526,ExcitatoryL5
527,ExcitatoryL2and3
528,ExcitatoryL6
529,ExcitatoryL4
530,ExcitatoryL2and3
531,HPC
532,Endo
533,ExcitatoryL2and3
534,ExcitatoryL6
535,ExcitatoryL4
536,Olig
537,Endo
538,ExcitatoryL4
539,Other
540,ExcitatoryL2and3
541,ExcitatoryL5
542,ExcitatoryL4
543,ExcitatoryL4
544,ExcitatoryL4
545,ExcitatoryL6
546,Astro
547,Astro
548,Endo
549,ExcitatoryL4
550,Astro
551,ExcitatoryL2and3
552,ExcitatoryL6
553,ExcitatoryL6
554,Olig
555,ExcitatoryL4
556,Sst
557,ExcitatoryL6
558,Astro
559,Olig
560,Other
561,ExcitatoryL4
562,Vip
563,ExcitatoryL2and3
564,ExcitatoryL6
565,ExcitatoryL2and3
566,Astro
567,ExcitatoryL4
568,ExcitatoryL2and3
569,ExcitatoryL2and3
570,ExcitatoryL2and3
571,Olig
572,Olig
573,ExcitatoryL4
574,Micro
575,ExcitatoryL6
576,ExcitatoryL5
577,Astro
578,ExcitatoryL2and3
579,ExcitatoryL6
580,ExcitatoryL5
581,Sst
582,ExcitatoryL5
583,ExcitatoryL2and3
584,ExcitatoryL2and3
585,ExcitatoryL5
586,ExcitatoryL5
587,Other
588,Olig
589,ExcitatoryL2and3
590,ExcitatoryL2and3
591,Olig
592,Olig
593,Astro
594,Endo
595,ExcitatoryL4
596,ExcitatoryL2and3
597,ExcitatoryL4
598,ExcitatoryL6
599,ExcitatoryL6
600,Other
601,Astro
602,Astro
603,Other
604,Olig
605,ExcitatoryL6
606,ExcitatoryL5
607,ExcitatoryL2and3
608,Olig
609,ExcitatoryL2and3
610,ExcitatoryL2and3
611,ExcitatoryL4
612,ExcitatoryL6
613,ExcitatoryL6
614,Olig
615,ExcitatoryL6
616,ExcitatoryL2and3
617,Endo
618,Olig
619,Astro
620,ExcitatoryL5
621,Olig
622,ExcitatoryL5
623,ExcitatoryL2and3
624,Pvalb
625,Astro
626,ExcitatoryL2and3
627,ExcitatoryL4
628,ExcitatoryL4
629,Astro
630,Olig
631,HPC
632,ExcitatoryL4
633,ExcitatoryL4
634,Olig
635,ExcitatoryL5
636,Olig
637,ExcitatoryL4
638,Endo
639,Olig
640,ExcitatoryL5
641,Other
642,Olig
643,Olig
644,Npy
645,Other
646,ExcitatoryL2and3
647,ExcitatoryL6
648,Other
649,ExcitatoryL6
650,ExcitatoryL6
651,Endo
652,ExcitatoryL2and3
653,Olig
654,Pvalb
655,ExcitatoryL2and3
656,Olig
657,Astro
658,Astro
659,Endo
660,ExcitatoryL6
661,ExcitatoryL4
662,ExcitatoryL4
663,Olig
664,ExcitatoryL6
665,ExcitatoryL4
666,Pvalb
667,Olig
668,ExcitatoryL2and3
669,ExcitatoryL4
670,Npy
671,ExcitatoryL4
672,ExcitatoryL5
673,Olig
674,Pvalb
675,Sst
676,ExcitatoryL6
677,ExcitatoryL4
678,Olig
679,Micro
680,ExcitatoryL2and3
681,Micro
682,Astro
683,ExcitatoryL6
684,ExcitatoryL5
685,Sst
686,ExcitatoryL6
687,Olig
688,ExcitatoryL4
689,ExcitatoryL2and3
690,ExcitatoryL2and3
691,ExcitatoryL6
692,Other
693,ExcitatoryL6
694,Olig
695,Other
696,Olig
697,ExcitatoryL6
698,Olig
699,Olig
700,ExcitatoryL4
701,ExcitatoryL6
702,Endo
703,ExcitatoryL6
704,ExcitatoryL5
705,Astro
706,ExcitatoryL4
707,ExcitatoryL6
708,Endo
709,ExcitatoryL5
710,Endo
711,ExcitatoryL2and3
712,ExcitatoryL6
713,ExcitatoryL6
714,Olig
715,Endo
716,ExcitatoryL4
717,Olig
718,Astro
719,ExcitatoryL2and3
720,Olig
721,ExcitatoryL4
722,Other
723,Endo
724,ExcitatoryL5
725,Olig
726,ExcitatoryL6
727,ExcitatoryL4
728,ExcitatoryL5
729,ExcitatoryL5
730,Astro
731,Astro
732,Olig
733,Astro
734,ExcitatoryL2and3
735,ExcitatoryL6
736,Sst
737,Olig
738,Endo
739,ExcitatoryL6
740,Astro
741,ExcitatoryL2and3
742,ExcitatoryL6
743,ExcitatoryL4
744,ExcitatoryL4
745,Olig
746,ExcitatoryL4
747,ExcitatoryL6
748,Endo
749,ExcitatoryL4
750,ExcitatoryL2and3
751,Astro
752,ExcitatoryL5
753,ExcitatoryL4
754,ExcitatoryL6
755,Endo
756,ExcitatoryL4
757,ExcitatoryL6
758,Olig
759,ExcitatoryL2and3
760,ExcitatoryL2and3
761,ExcitatoryL2and3
762,Endo
763,ExcitatoryL6
764,Astro
765,Olig
766,ExcitatoryL4
767,Endo
768,ExcitatoryL6
769,Pvalb
770,ExcitatoryL5
771,ExcitatoryL4
772,Other
773,Astro
774,ExcitatoryL5
775,Olig
776,Endo
777,ExcitatoryL4
778,ExcitatoryL5
779,ExcitatoryL2and3
780,ExcitatoryL2and3
781,ExcitatoryL5
782,ExcitatoryL2and3
783,Astro
784,ExcitatoryL6
785,ExcitatoryL5
786,ExcitatoryL4
787,ExcitatoryL6
788,ExcitatoryL4
789,ExcitatoryL4
790,ExcitatoryL4
791,ExcitatoryL4
792,Sst
793,Npy
794,ExcitatoryL5
795,ExcitatoryL4
796,ExcitatoryL5
797,ExcitatoryL6
798,Pvalb
799,Astro
800,ExcitatoryL4
801,Olig
802,Other
803,ExcitatoryL2and3
804,ExcitatoryL2and3
805,Olig
806,Olig
807,Endo
808,Astro
809,ExcitatoryL4
810,ExcitatoryL6
811,Other
812,ExcitatoryL2and3
813,ExcitatoryL4
814,ExcitatoryL5
815,Endo
816,Micro
817,ExcitatoryL6
818,ExcitatoryL6
819,ExcitatoryL2and3
820,Endo
821,ExcitatoryL2and3
822,Astro
823,Olig
824,ExcitatoryL6
825,Astro
826,ExcitatoryL4
827,Astro
828,ExcitatoryL2and3
829,Astro
830,ExcitatoryL6
831,ExcitatoryL6
832,Endo
833,Pvalb
834,Pvalb
835,Pvalb
836,ExcitatoryL6
837,ExcitatoryL4
838,Endo
839,ExcitatoryL6
840,ExcitatoryL2and3
841,ExcitatoryL4
842,ExcitatoryL4
843,ExcitatoryL6
844,ExcitatoryL6
845,Astro
846,Olig
847,ExcitatoryL4
848,ExcitatoryL6
849,ExcitatoryL2and3
850,ExcitatoryL2and3
851,Vip
852,Olig
853,Npy
854,ExcitatoryL2and3
855,Astro
856,ExcitatoryL4
857,Other
858,Micro
859,ExcitatoryL6
860,ExcitatoryL2and3
861,Pvalb
862,ExcitatoryL5
863,ExcitatoryL5
864,Vip
865,Olig
866,ExcitatoryL6
867,ExcitatoryL2and3
868,ExcitatoryL4
869,HPC
870,ExcitatoryL4
871,Olig
872,ExcitatoryL4
873,ExcitatoryL2and3
874,Olig
875,Endo
876,Endo
877,ExcitatoryL4
878,Olig
879,Sst
880,Endo
881,Olig
882,Astro
883,ExcitatoryL6
884,Olig
885,ExcitatoryL6
886,ExcitatoryL6
887,ExcitatoryL6
888,ExcitatoryL5
889,ExcitatoryL2and3
890,Astro
891,ExcitatoryL4
892,ExcitatoryL4
893,ExcitatoryL2and3
894,Olig
895,Olig
896,Olig
897,ExcitatoryL2and3
898,ExcitatoryL2and3
899,ExcitatoryL2and3
900,ExcitatoryL6
901,Endo
902,ExcitatoryL2and3
903,Sst
904,ExcitatoryL2and3
905,ExcitatoryL4
906,ExcitatoryL4
907,Other
908,Pvalb
909,ExcitatoryL4
910,ExcitatoryL6
911,ExcitatoryL5
912,Astro
913,Astro
914,ExcitatoryL4
915,Olig
916,ExcitatoryL2and3
917,HPC
918,ExcitatoryL2and3
919,Sst
920,ExcitatoryL2and3
921,Olig
922,ExcitatoryL6
923,Sst
924,ExcitatoryL2and3
925,ExcitatoryL6
926,ExcitatoryL4
927,Npy
928,ExcitatoryL2and3
929,ExcitatoryL6
930,ExcitatoryL2and3
931,Vip
932,ExcitatoryL6
933,ExcitatoryL2and3
934,Astro
935,Olig
936,Astro
937,ExcitatoryL4
938,Olig
939,ExcitatoryL4
940,ExcitatoryL4
941,Endo
942,ExcitatoryL4
943,ExcitatoryL4
944,ExcitatoryL4
945,Sst
946,ExcitatoryL2and3
947,Other
948,Olig
949,Micro
950,ExcitatoryL6
951,ExcitatoryL6
952,Astro
953,ExcitatoryL4
954,ExcitatoryL2and3
955,Astro
956,Pvalb
957,Olig
958,ExcitatoryL6
959,Astro
960,ExcitatoryL5
961,ExcitatoryL6
962,Astro
963,ExcitatoryL2and3
964,Astro
965,ExcitatoryL4
966,Astro
967,ExcitatoryL5
968,Endo
969,ExcitatoryL6
970,Pvalb
971,Astro
972,Endo
973,ExcitatoryL2and3
974,ExcitatoryL6
975,Other
976,Pvalb
977,ExcitatoryL2and3
978,ExcitatoryL6
979,ExcitatoryL6
980,ExcitatoryL4
981,Olig
982,ExcitatoryL2and3
983,ExcitatoryL2and3
984,ExcitatoryL6
985,ExcitatoryL6
986,ExcitatoryL6
987,ExcitatoryL2and3
988,Other
989,ExcitatoryL2and3
990,ExcitatoryL2and3
991,ExcitatoryL4
992,ExcitatoryL6
993,ExcitatoryL4
994,ExcitatoryL2and3
995,Npy
996,Astro
997,Olig
998,Astro
999,Npy
1000,Other
1001,ExcitatoryL2and3
1002,Olig
1003,Pvalb
1004,ExcitatoryL6
1005,ExcitatoryL2and3
1006,ExcitatoryL4
1007,Olig
1008,Pvalb
1009,ExcitatoryL6
1010,Olig
1011,ExcitatoryL4
1012,ExcitatoryL6
1013,ExcitatoryL4
1014,ExcitatoryL2and3
1015,Olig
1016,ExcitatoryL6
1017,ExcitatoryL2and3
1018,ExcitatoryL2and3
1019,Other
1020,Astro
1021,Olig
1022,ExcitatoryL4
1023,Olig
1024,Endo
1025,Sst
1026,ExcitatoryL2and3
1027,ExcitatoryL6
1028,ExcitatoryL4
1029,ExcitatoryL2and3
1030,ExcitatoryL2and3
1031,Astro
1032,ExcitatoryL5
1033,ExcitatoryL4
1034,ExcitatoryL6
1035,ExcitatoryL2and3
1036,ExcitatoryL6
1037,Astro
1038,Sst
1039,ExcitatoryL6
1040,Endo
1041,Endo
1042,Pvalb
1043,ExcitatoryL6
1044,Astro
1045,ExcitatoryL2and3
1046,ExcitatoryL2and3
1047,ExcitatoryL6
1048,ExcitatoryL2and3
1049,Olig
1050,ExcitatoryL6
1051,ExcitatoryL2and3
1052,Olig
1053,ExcitatoryL6
1054,Sst
1055,ExcitatoryL6
1056,ExcitatoryL4
1057,ExcitatoryL6
1058,ExcitatoryL6
1059,Endo
1060,Endo
1061,ExcitatoryL6
1062,Endo
1063,ExcitatoryL6
1064,ExcitatoryL6
1065,ExcitatoryL2and3
1066,ExcitatoryL2and3
1067,Olig
1068,Olig
1069,ExcitatoryL6
1070,ExcitatoryL2and3
1071,Sst
1072,ExcitatoryL6
1073,ExcitatoryL6
1074,Olig
1075,ExcitatoryL6
1076,Olig
1077,ExcitatoryL6
1078,ExcitatoryL5
1079,ExcitatoryL4
1080,ExcitatoryL2and3
1081,ExcitatoryL2and3
1082,ExcitatoryL6
1083,ExcitatoryL6
1084,ExcitatoryL2and3
1085,Micro
1086,ExcitatoryL2and3
1087,ExcitatoryL6
1088,ExcitatoryL5
1089,Astro
1090,Micro
1091,ExcitatoryL6
1092,Endo
1093,ExcitatoryL2and3
1094,ExcitatoryL4
1095,ExcitatoryL6
1096,ExcitatoryL2and3
1097,ExcitatoryL2and3
1098,ExcitatoryL6
1099,ExcitatoryL4
1100,Olig
1101,ExcitatoryL6
1102,Astro
1103,Npy
1104,Astro
1105,Olig
1106,Endo
1107,ExcitatoryL2and3
1108,Astro
1109,ExcitatoryL2and3
1110,Olig
1111,ExcitatoryL5
1112,Pvalb
1113,ExcitatoryL2and3
1114,ExcitatoryL5
1115,Olig
1116,ExcitatoryL4
1117,ExcitatoryL6
1118,Endo
1119,ExcitatoryL2and3
1120,Astro
1121,ExcitatoryL4
1122,ExcitatoryL2and3
1123,Olig
1124,ExcitatoryL4
1125,ExcitatoryL4
1126,ExcitatoryL6
1127,ExcitatoryL5
1128,Astro
1129,ExcitatoryL2and3
1130,ExcitatoryL6
1131,ExcitatoryL6
1132,ExcitatoryL4
1133,Astro
1134,Sst
1135,ExcitatoryL2and3
1136,ExcitatoryL2and3
1137,Astro
1138,ExcitatoryL6
1139,ExcitatoryL4
1140,ExcitatoryL5
1141,Sst
1142,ExcitatoryL4
1143,ExcitatoryL4
1144,ExcitatoryL5
1145,ExcitatoryL4
1146,Endo
1147,Astro
1148,Olig
1149,ExcitatoryL4
1150,Endo
1151,ExcitatoryL2and3
1152,ExcitatoryL2and3
1153,ExcitatoryL6
1154,Pvalb
1155,ExcitatoryL2and3
1156,Astro
1157,Astro
1158,Olig
1159,ExcitatoryL6
1160,ExcitatoryL4
1161,Astro
1162,ExcitatoryL6
1163,Olig
1164,ExcitatoryL5
1165,Pvalb
1166,ExcitatoryL2and3
1167,ExcitatoryL6
1168,ExcitatoryL2and3
1169,ExcitatoryL2and3
1170,ExcitatoryL6
1171,ExcitatoryL2and3
1172,Smc
1173,Olig
1174,ExcitatoryL2and3
1175,ExcitatoryL6
1176,ExcitatoryL6
1177,Astro
1178,ExcitatoryL2and3
1179,ExcitatoryL6
1180,ExcitatoryL2and3
1181,ExcitatoryL2and3
1182,Olig
1183,ExcitatoryL2and3
1184,ExcitatoryL2and3
1185,ExcitatoryL2and3
1186,ExcitatoryL6
1187,ExcitatoryL6
1188,ExcitatoryL4
1189,Endo
1190,Sst
1191,ExcitatoryL2and3
1192,ExcitatoryL4
1193,ExcitatoryL4
1194,ExcitatoryL2and3
1195,Pvalb
1196,Micro
1197,Other
1198,ExcitatoryL2and3
1199,ExcitatoryL6
1200,ExcitatoryL2and3
1201,ExcitatoryL2and3
1202,ExcitatoryL4
1203,Olig
1204,Endo
1205,ExcitatoryL5
1206,Olig
1207,ExcitatoryL5
1208,Olig
1209,ExcitatoryL6
1210,ExcitatoryL2and3
1211,Micro
1212,Olig
1213,Pvalb
1214,Micro
1215,ExcitatoryL6
1216,Endo
1217,Olig
1218,Pvalb
1219,ExcitatoryL6
1220,Smc
1221,ExcitatoryL6
1222,ExcitatoryL5
1223,ExcitatoryL2and3
1224,ExcitatoryL2and3
1225,ExcitatoryL6
1226,ExcitatoryL5
1227,Endo
1228,Endo
1229,ExcitatoryL2and3
1230,Smc
1231,Endo
1232,Olig
1233,Pvalb
1234,Astro
1235,Olig
1236,Astro
1237,ExcitatoryL6
1238,ExcitatoryL6
1239,ExcitatoryL6
1240,ExcitatoryL2and3
1241,Astro
1242,ExcitatoryL4
1243,ExcitatoryL2and3
1244,Olig
1245,ExcitatoryL2and3
1246,Endo
1247,ExcitatoryL2and3
1248,ExcitatoryL5
1249,ExcitatoryL6
1250,Astro
1251,Astro
1252,ExcitatoryL4
1253,ExcitatoryL2and3
1254,ExcitatoryL2and3
1255,ExcitatoryL2and3
1256,Olig
1257,ExcitatoryL6
1258,ExcitatoryL4
1259,Smc
1260,Astro
1261,ExcitatoryL6
1262,ExcitatoryL4
1263,Endo
1264,Astro
1265,Astro
1266,ExcitatoryL2and3
1267,ExcitatoryL6
1268,ExcitatoryL6
1269,Sst
1270,Micro
1271,ExcitatoryL4
1272,ExcitatoryL6
1273,ExcitatoryL2and3
1274,ExcitatoryL4
1275,ExcitatoryL6
1276,ExcitatoryL2and3
1277,ExcitatoryL6
1278,ExcitatoryL4
1279,Endo
1280,Smc
1281,Olig
1282,Astro
1283,ExcitatoryL5
1284,ExcitatoryL2and3
1285,Olig
1286,ExcitatoryL5
1287,ExcitatoryL6
1288,ExcitatoryL5
1289,Astro
1290,ExcitatoryL6
1291,ExcitatoryL4
1292,Astro
1293,ExcitatoryL2and3
1294,Smc
1295,ExcitatoryL6
1296,Pvalb
1297,Olig
1298,Olig
1299,ExcitatoryL2and3
1300,Olig
1301,Olig
1302,ExcitatoryL4
1303,Astro
1304,ExcitatoryL4
1305,ExcitatoryL2and3
1306,Vip
1307,Pvalb
1308,ExcitatoryL6
1309,Sst
1310,ExcitatoryL2and3
1311,Olig
1312,ExcitatoryL4
1313,ExcitatoryL2and3
1314,ExcitatoryL4
1315,ExcitatoryL2and3
1316,ExcitatoryL2and3
1317,Smc
1318,Smc
1319,Endo
1320,ExcitatoryL4
1321,Astro
1322,Olig
1323,ExcitatoryL6
1324,Sst
1325,Olig
1326,ExcitatoryL2and3
1327,ExcitatoryL2and3
1328,ExcitatoryL2and3
1329,ExcitatoryL2and3
1330,Olig
1331,ExcitatoryL4
1332,ExcitatoryL4
1333,ExcitatoryL5
1334,ExcitatoryL6
1335,ExcitatoryL4
1336,Sst
1337,ExcitatoryL2and3
1338,Olig
1339,ExcitatoryL6
1340,Sst
1341,Astro
1342,ExcitatoryL5
1343,ExcitatoryL5
1344,Other
1345,ExcitatoryL4
1346,Other
1347,ExcitatoryL6
1348,ExcitatoryL6
1349,Olig
1350,Astro
1351,Olig
1352,ExcitatoryL6
1353,ExcitatoryL4
1354,Olig
1355,ExcitatoryL5
1356,ExcitatoryL2and3
1357,ExcitatoryL6
1358,ExcitatoryL6
1359,ExcitatoryL4
1360,Olig
1361,Smc
1362,ExcitatoryL4
1363,Astro
1364,ExcitatoryL2and3
1365,ExcitatoryL6
1366,ExcitatoryL4
1367,ExcitatoryL6
1368,ExcitatoryL4
1369,Olig
1370,ExcitatoryL6
1371,ExcitatoryL6
1372,ExcitatoryL6
1373,ExcitatoryL5
1374,Smc
1375,ExcitatoryL6
1376,ExcitatoryL6
1377,Sst
1378,Endo
1379,ExcitatoryL6
1380,Endo
1381,Olig
1382,Astro
1383,Pvalb
1384,Endo
1385,ExcitatoryL2and3
1386,ExcitatoryL6
1387,ExcitatoryL2and3
1388,Astro
1389,ExcitatoryL2and3
1390,Astro
1391,Endo
1392,Astro
1393,ExcitatoryL4
1394,ExcitatoryL2and3
1395,Olig
1396,ExcitatoryL4
1397,ExcitatoryL6
1398,Olig
1399,ExcitatoryL6
1400,Endo
1401,ExcitatoryL6
1402,Endo
1403,Olig
1404,ExcitatoryL2and3
1405,Astro
1406,Olig
1407,ExcitatoryL2and3
1408,Endo
1409,Sst
1410,ExcitatoryL4
1411,ExcitatoryL2and3
1412,Other
1413,Micro
1414,Endo
1415,Other
1416,Endo
1417,Olig
1418,Olig
1419,Endo
1420,ExcitatoryL5
1421,Olig
1422,Pvalb
1423,Endo
1424,ExcitatoryL5
1425,Sst
1426,ExcitatoryL6
1427,Astro
1428,Endo
1429,ExcitatoryL2and3
1430,Sst
1431,Astro
1432,Astro
1433,Olig
1434,Olig
1435,Pvalb
1436,Endo
1437,ExcitatoryL5
1438,ExcitatoryL6
1439,ExcitatoryL4
1440,Olig
1441,ExcitatoryL2and3
1442,ExcitatoryL2and3
1443,ExcitatoryL6
1444,Pvalb
1445,ExcitatoryL5
1446,Vip
1447,Smc
1448,Npy
1449,ExcitatoryL5
1450,Endo
1451,ExcitatoryL4
1452,Endo
1453,Olig
1454,ExcitatoryL6
1455,ExcitatoryL2and3
1456,Olig
1457,ExcitatoryL4
1458,ExcitatoryL2and3
1459,Astro
1460,ExcitatoryL4
1461,ExcitatoryL6
1462,ExcitatoryL6
1463,ExcitatoryL2and3
1464,Astro
1465,Astro
1466,Smc
1467,Olig
1468,Astro
1469,Olig
1470,ExcitatoryL2and3
1471,ExcitatoryL6
1472,ExcitatoryL6
1473,Astro
1474,Olig
1475,Endo
1476,Micro
1477,ExcitatoryL4
1478,ExcitatoryL6
1479,ExcitatoryL5
1480,ExcitatoryL2and3
1481,Endo
1482,ExcitatoryL6
1483,ExcitatoryL2and3
1484,Smc
1485,Sst
1486,ExcitatoryL4
1487,Olig
1488,Astro
1489,Olig
1490,ExcitatoryL2and3
1491,Astro
1492,ExcitatoryL2and3
1493,Olig
1494,ExcitatoryL5
1495,Astro
1496,ExcitatoryL6
1497,ExcitatoryL6
1498,ExcitatoryL5
1499,ExcitatoryL6
1500,ExcitatoryL6
1501,Olig
1502,ExcitatoryL6
1503,Astro
1504,Olig
1505,ExcitatoryL4
1506,ExcitatoryL4
1507,ExcitatoryL6
1508,ExcitatoryL2and3
1509,Endo
1510,Other
1511,ExcitatoryL2and3
1512,ExcitatoryL4
1513,Olig
1514,ExcitatoryL6
1515,Pvalb
1516,ExcitatoryL2and3
1517,Olig
1518,Olig
1519,Olig
1520,ExcitatoryL6
1521,ExcitatoryL2and3
1522,ExcitatoryL2and3
